<?xml version="1.0" encoding="UTF-8"?><HalfMap type="Principal" version="1">
	<List>
		<Item label="">
			<SID>S-1-5-21-2517295736-4291596471-1575414909-1147</SID>
			<ShortName>business analysts</ShortName>
			<DisplayName>Business Analysts</DisplayName>
			<PrincipalType>1</PrincipalType>
			<Name>Business Analysts@ecm.ibm.local</Name>
		</Item>
		<Item label="">
			<SID>S-1-5-21-2517295736-4291596471-1575414909-1148</SID>
			<ShortName>case administrators</ShortName>
			<DisplayName>Case Administrators</DisplayName>
			<PrincipalType>1</PrincipalType>
			<Name>Case Administrators@ecm.ibm.local</Name>
		</Item>
		<Item label="">
			<SID>S-1-5-21-2517295736-4291596471-1575414909-1002</SID>
			<ShortName>p8admin</ShortName>
			<DisplayName>P8Admin</DisplayName>
			<PrincipalType>0</PrincipalType>
			<Name>P8Admin@ecm.ibm.local</Name>
		</Item>
		<Item label="">
			<SID>S-1-5-21-2517295736-4291596471-1575414909-1141</SID>
			<ShortName>p8admins</ShortName>
			<DisplayName>P8Admins</DisplayName>
			<PrincipalType>1</PrincipalType>
			<Name>P8Admins@ecm.ibm.local</Name>
		</Item>
	</List>
</HalfMap>