<?xml version="1.0" encoding="UTF-8"?>
<ExportObjectList version="1">
	<Object>
		<Name>Customer Complaints</Name>
		<ClassName>CmAcmSolutionFolder</ClassName>
		<Id>{2D227283-BEFD-C8C4-86F6-76272C100000}</Id>
		<ObjectStoreId>{3B3B600C-3F75-47A5-B91D-7A36A20A0D2D}</ObjectStoreId>
	</Object>
	<Object>
		<Name>nls</Name>
		<ClassName>Folder</ClassName>
		<Id>{34C40BFD-743E-C079-96CE-764274800000}</Id>
		<ObjectStoreId>{3B3B600C-3F75-47A5-B91D-7A36A20A0D2D}</ObjectStoreId>
	</Object>
	<Object>
		<Name>Pages</Name>
		<ClassName>Folder</ClassName>
		<Id>{C62580EF-8C98-CC90-B9B3-76272C100000}</Id>
		<ObjectStoreId>{3B3B600C-3F75-47A5-B91D-7A36A20A0D2D}</ObjectStoreId>
	</Object>
	<Object>
		<Name>Rules</Name>
		<ClassName>Folder</ClassName>
		<Id>{AC517016-EEF6-C37B-8565-763BAF100000}</Id>
		<ObjectStoreId>{3B3B600C-3F75-47A5-B91D-7A36A20A0D2D}</ObjectStoreId>
	</Object>
	<Object>
		<Name>Views</Name>
		<ClassName>Folder</ClassName>
		<Id>{5B893F46-DB44-C9A5-8408-762910200000}</Id>
		<ObjectStoreId>{3B3B600C-3F75-47A5-B91D-7A36A20A0D2D}</ObjectStoreId>
	</Object>
	<Object>
		<Name>Resources.js</Name>
		<ClassName>Document</ClassName>
		<Id>{FF9F6397-8B71-C9B6-982E-764274800000}</Id>
		<ObjectStoreId>{3B3B600C-3F75-47A5-B91D-7A36A20A0D2D}</ObjectStoreId>
	</Object>
	<Object>
		<Name>Resources.js</Name>
		<ClassName>DynamicReferentialContainmentRelationship</ClassName>
		<Id>{2E67AF87-2103-CBBB-9E8D-764274800000}</Id>
		<ObjectStoreId>{3B3B600C-3F75-47A5-B91D-7A36A20A0D2D}</ObjectStoreId>
	</Object>
	<Object>
		<Name>Compliant Workflow Definition</Name>
		<ClassName>WorkflowDefinition</ClassName>
		<Id>{7BE8BD4B-4D84-CCF7-953E-765BD8A00000}</Id>
		<ObjectStoreId>{3B3B600C-3F75-47A5-B91D-7A36A20A0D2D}</ObjectStoreId>
	</Object>
	<Object>
		<Name>CC_Compliant</Name>
		<ClassName>DynamicReferentialContainmentRelationship</ClassName>
		<Id>{A2B92116-53CC-CA2E-8AFB-762900F00000}</Id>
		<ObjectStoreId>{3B3B600C-3F75-47A5-B91D-7A36A20A0D2D}</ObjectStoreId>
	</Object>
	<Object>
		<Name>CC_Compliant</Name>
		<ClassName>Folder</ClassName>
		<Id>{78E9EA3E-6FC2-C822-8903-762910200000}</Id>
		<ObjectStoreId>{3B3B600C-3F75-47A5-B91D-7A36A20A0D2D}</ObjectStoreId>
	</Object>
	<Object>
		<Name></Name>
		<ClassName>CmAcmDraftArea</ClassName>
		<Id>{4D83CC67-4F37-C940-8DBD-762900F00000}</Id>
		<ObjectStoreId>{3B3B600C-3F75-47A5-B91D-7A36A20A0D2D}</ObjectStoreId>
	</Object>
	<Object>
		<Name>CC_Compliant_Draft</Name>
		<ClassName>ReferentialContainmentRelationship</ClassName>
		<Id>{7EBDAEEA-3DB7-CF8A-928E-762900F00000}</Id>
		<ObjectStoreId>{3B3B600C-3F75-47A5-B91D-7A36A20A0D2D}</ObjectStoreId>
	</Object>
	<Object>
		<Name>PE Configuration</Name>
		<ClassName>Document</ClassName>
		<Id>{78F0B448-5853-C8E3-82A3-76272C100001}</Id>
		<ObjectStoreId>{3B3B600C-3F75-47A5-B91D-7A36A20A0D2D}</ObjectStoreId>
	</Object>
	<Object>
		<Name>PE Configuration</Name>
		<ClassName>DynamicReferentialContainmentRelationship</ClassName>
		<Id>{68A367B5-9650-CC89-B1F2-76272C100000}</Id>
		<ObjectStoreId>{3B3B600C-3F75-47A5-B91D-7A36A20A0D2D}</ObjectStoreId>
	</Object>
	<Object>
		<Name>Solution Definition</Name>
		<ClassName>Document</ClassName>
		<Id>{08DE930E-858D-C391-8B16-764296E00000}</Id>
		<ObjectStoreId>{3B3B600C-3F75-47A5-B91D-7A36A20A0D2D}</ObjectStoreId>
	</Object>
	<Object>
		<Name>Solution Definition</Name>
		<ClassName>DynamicReferentialContainmentRelationship</ClassName>
		<Id>{7DEBE223-B41B-CED4-AEE5-76272C100000}</Id>
		<ObjectStoreId>{3B3B600C-3F75-47A5-B91D-7A36A20A0D2D}</ObjectStoreId>
	</Object>
	<Object>
		<Name>Customer Information</Name>
		<ClassName>CmAcmView</ClassName>
		<Id>{84C3E67C-574A-C8B8-8F89-762910200000}</Id>
		<ObjectStoreId>{3B3B600C-3F75-47A5-B91D-7A36A20A0D2D}</ObjectStoreId>
	</Object>
	<Object>
		<Name>Customer Information</Name>
		<ClassName>DynamicReferentialContainmentRelationship</ClassName>
		<Id>{1B5B5F59-04E5-C26A-9046-762910200000}</Id>
		<ObjectStoreId>{3B3B600C-3F75-47A5-B91D-7A36A20A0D2D}</ObjectStoreId>
	</Object>
	<Object>
		<Name></Name>
		<ClassName>CmAcmSolutionLockControl</ClassName>
		<Id>{D53498DF-3CFB-C890-96E2-76272C100000}</Id>
		<ObjectStoreId>{3B3B600C-3F75-47A5-B91D-7A36A20A0D2D}</ObjectStoreId>
	</Object>
	<Object>
		<Name>Solution Locks</Name>
		<ClassName>ReferentialContainmentRelationship</ClassName>
		<Id>{831EF9D3-DA9F-CD9C-9B3B-76272C100000}</Id>
		<ObjectStoreId>{3B3B600C-3F75-47A5-B91D-7A36A20A0D2D}</ObjectStoreId>
	</Object>
	<Object>
		<Name>Solution Workflow Collection</Name>
		<ClassName>WorkflowDefinition</ClassName>
		<Id>{9D64241B-AF12-CF4D-918F-762932900000}</Id>
		<ObjectStoreId>{3B3B600C-3F75-47A5-B91D-7A36A20A0D2D}</ObjectStoreId>
	</Object>
	<Object>
		<Name>Solution Workflow Collection</Name>
		<ClassName>DynamicReferentialContainmentRelationship</ClassName>
		<Id>{43B36C1B-DE9E-CFD9-B68B-76272C100000}</Id>
		<ObjectStoreId>{3B3B600C-3F75-47A5-B91D-7A36A20A0D2D}</ObjectStoreId>
	</Object>
	<Object>
		<Name></Name>
		<ClassName>CmAcmDraftArea</ClassName>
		<Id>{D637477E-BB8D-C241-A67C-76272C100000}</Id>
		<ObjectStoreId>{3B3B600C-3F75-47A5-B91D-7A36A20A0D2D}</ObjectStoreId>
	</Object>
	<Object>
		<Name>Solution Workflow Collection_Draft</Name>
		<ClassName>ReferentialContainmentRelationship</ClassName>
		<Id>{42AADD50-CF4E-C5D3-AB92-76272C100000}</Id>
		<ObjectStoreId>{3B3B600C-3F75-47A5-B91D-7A36A20A0D2D}</ObjectStoreId>
	</Object>
	<Object>
		<Name>CmAcmCASE_DEFAULT_PAGE</Name>
		<ClassName>CmAcmPage</ClassName>
		<Id>{0EB77D43-4007-C72B-82B7-76272C100001}</Id>
		<ObjectStoreId>{3B3B600C-3F75-47A5-B91D-7A36A20A0D2D}</ObjectStoreId>
	</Object>
	<Object>
		<Name>CmAcmCASE_DEFAULT_PAGE</Name>
		<ClassName>DynamicReferentialContainmentRelationship</ClassName>
		<Id>{D91D4D51-2CE0-CE0C-B717-76272C100001}</Id>
		<ObjectStoreId>{3B3B600C-3F75-47A5-B91D-7A36A20A0D2D}</ObjectStoreId>
	</Object>
	<Object>
		<Name>CmAcmCASE_NEW_DEFAULT_PAGE</Name>
		<ClassName>CmAcmPage</ClassName>
		<Id>{2439FECF-42BF-CAC6-90C9-76272C100001}</Id>
		<ObjectStoreId>{3B3B600C-3F75-47A5-B91D-7A36A20A0D2D}</ObjectStoreId>
	</Object>
	<Object>
		<Name>CmAcmCASE_NEW_DEFAULT_PAGE</Name>
		<ClassName>DynamicReferentialContainmentRelationship</ClassName>
		<Id>{98BF21A6-FC0D-C897-86EC-76272C100002}</Id>
		<ObjectStoreId>{3B3B600C-3F75-47A5-B91D-7A36A20A0D2D}</ObjectStoreId>
	</Object>
	<Object>
		<Name>CmAcmCASE_NEW_PAGE</Name>
		<ClassName>CmAcmPage</ClassName>
		<Id>{6AAA5A59-85C4-C196-8BC4-76272C100001}</Id>
		<ObjectStoreId>{3B3B600C-3F75-47A5-B91D-7A36A20A0D2D}</ObjectStoreId>
	</Object>
	<Object>
		<Name>CmAcmCASE_NEW_PAGE</Name>
		<ClassName>DynamicReferentialContainmentRelationship</ClassName>
		<Id>{003298AD-4CC1-CADD-BDAC-76272C100001}</Id>
		<ObjectStoreId>{3B3B600C-3F75-47A5-B91D-7A36A20A0D2D}</ObjectStoreId>
	</Object>
	<Object>
		<Name>CmAcmCASE_PAGE</Name>
		<ClassName>CmAcmPage</ClassName>
		<Id>{74DE09F9-9D5F-CB20-BD77-76272C100000}</Id>
		<ObjectStoreId>{3B3B600C-3F75-47A5-B91D-7A36A20A0D2D}</ObjectStoreId>
	</Object>
	<Object>
		<Name>CmAcmCASE_PAGE</Name>
		<ClassName>DynamicReferentialContainmentRelationship</ClassName>
		<Id>{C9C1F454-08B5-C71A-B360-76272C100001}</Id>
		<ObjectStoreId>{3B3B600C-3F75-47A5-B91D-7A36A20A0D2D}</ObjectStoreId>
	</Object>
	<Object>
		<Name>CmAcmCASE_SPLIT_DEFAULT_PAGE</Name>
		<ClassName>CmAcmPage</ClassName>
		<Id>{239AE42F-4454-C25B-95EE-76272C100001}</Id>
		<ObjectStoreId>{3B3B600C-3F75-47A5-B91D-7A36A20A0D2D}</ObjectStoreId>
	</Object>
	<Object>
		<Name>CmAcmCASE_SPLIT_DEFAULT_PAGE</Name>
		<ClassName>DynamicReferentialContainmentRelationship</ClassName>
		<Id>{FFF34469-5415-C15D-8B4F-76272C100002}</Id>
		<ObjectStoreId>{3B3B600C-3F75-47A5-B91D-7A36A20A0D2D}</ObjectStoreId>
	</Object>
	<Object>
		<Name>CmAcmCASES_DEFAULT_PAGE</Name>
		<ClassName>CmAcmPage</ClassName>
		<Id>{6BA03A6B-733B-CDD0-A55C-76272C100001}</Id>
		<ObjectStoreId>{3B3B600C-3F75-47A5-B91D-7A36A20A0D2D}</ObjectStoreId>
	</Object>
	<Object>
		<Name>CmAcmCASES_DEFAULT_PAGE</Name>
		<ClassName>DynamicReferentialContainmentRelationship</ClassName>
		<Id>{EF76A4DA-6E15-C811-9958-76272C100002}</Id>
		<ObjectStoreId>{3B3B600C-3F75-47A5-B91D-7A36A20A0D2D}</ObjectStoreId>
	</Object>
	<Object>
		<Name>CmAcmSTEP_ATTACHMENT_PAGE</Name>
		<ClassName>CmAcmPage</ClassName>
		<Id>{42BDC714-7F18-C2C7-AC74-76272C100001}</Id>
		<ObjectStoreId>{3B3B600C-3F75-47A5-B91D-7A36A20A0D2D}</ObjectStoreId>
	</Object>
	<Object>
		<Name>CmAcmSTEP_ATTACHMENT_PAGE</Name>
		<ClassName>DynamicReferentialContainmentRelationship</ClassName>
		<Id>{E22DA251-E23C-C604-A258-76272C100002}</Id>
		<ObjectStoreId>{3B3B600C-3F75-47A5-B91D-7A36A20A0D2D}</ObjectStoreId>
	</Object>
	<Object>
		<Name>CmAcmSTEP_DEFAULT_PAGE</Name>
		<ClassName>CmAcmPage</ClassName>
		<Id>{6E480183-A5E5-C8B2-998A-76272C100001}</Id>
		<ObjectStoreId>{3B3B600C-3F75-47A5-B91D-7A36A20A0D2D}</ObjectStoreId>
	</Object>
	<Object>
		<Name>CmAcmSTEP_DEFAULT_PAGE</Name>
		<ClassName>DynamicReferentialContainmentRelationship</ClassName>
		<Id>{7044CE25-0B11-C8BD-8DC4-76272C100002}</Id>
		<ObjectStoreId>{3B3B600C-3F75-47A5-B91D-7A36A20A0D2D}</ObjectStoreId>
	</Object>
	<Object>
		<Name>CmAcmSTEP_DYNAMIC_DEFAULT_PAGE</Name>
		<ClassName>CmAcmPage</ClassName>
		<Id>{DC20B52D-5C6B-CBDB-8E58-76272C100001}</Id>
		<ObjectStoreId>{3B3B600C-3F75-47A5-B91D-7A36A20A0D2D}</ObjectStoreId>
	</Object>
	<Object>
		<Name>CmAcmSTEP_DYNAMIC_DEFAULT_PAGE</Name>
		<ClassName>DynamicReferentialContainmentRelationship</ClassName>
		<Id>{769E1789-1D21-C793-831F-76272C100002}</Id>
		<ObjectStoreId>{3B3B600C-3F75-47A5-B91D-7A36A20A0D2D}</ObjectStoreId>
	</Object>
	<Object>
		<Name>CmAcmSTEP_LAUNCH_DEFAULT_PAGE</Name>
		<ClassName>CmAcmPage</ClassName>
		<Id>{4BED6288-96F3-C444-A1B8-76272C100001}</Id>
		<ObjectStoreId>{3B3B600C-3F75-47A5-B91D-7A36A20A0D2D}</ObjectStoreId>
	</Object>
	<Object>
		<Name>CmAcmSTEP_LAUNCH_DEFAULT_PAGE</Name>
		<ClassName>DynamicReferentialContainmentRelationship</ClassName>
		<Id>{3DDEC655-06E6-C9B2-9438-76272C100002}</Id>
		<ObjectStoreId>{3B3B600C-3F75-47A5-B91D-7A36A20A0D2D}</ObjectStoreId>
	</Object>
	<Object>
		<Name>CmAcmSTEP_LAUNCH_PAGE</Name>
		<ClassName>CmAcmPage</ClassName>
		<Id>{5BBB849E-4562-C8D1-AA37-76272C100001}</Id>
		<ObjectStoreId>{3B3B600C-3F75-47A5-B91D-7A36A20A0D2D}</ObjectStoreId>
	</Object>
	<Object>
		<Name>CmAcmSTEP_LAUNCH_PAGE</Name>
		<ClassName>DynamicReferentialContainmentRelationship</ClassName>
		<Id>{FFA6175E-BB14-CEFD-9CBF-76272C100002}</Id>
		<ObjectStoreId>{3B3B600C-3F75-47A5-B91D-7A36A20A0D2D}</ObjectStoreId>
	</Object>
	<Object>
		<Name>CmAcmSTEP_PAGE</Name>
		<ClassName>CmAcmPage</ClassName>
		<Id>{FEB38398-05B5-C149-862C-76272C100001}</Id>
		<ObjectStoreId>{3B3B600C-3F75-47A5-B91D-7A36A20A0D2D}</ObjectStoreId>
	</Object>
	<Object>
		<Name>CmAcmSTEP_PAGE</Name>
		<ClassName>DynamicReferentialContainmentRelationship</ClassName>
		<Id>{4D3B593B-C66D-CD52-B8B8-76272C100001}</Id>
		<ObjectStoreId>{3B3B600C-3F75-47A5-B91D-7A36A20A0D2D}</ObjectStoreId>
	</Object>
	<Object>
		<Name>CmAcmWORK_DEFAULT_PAGE</Name>
		<ClassName>CmAcmPage</ClassName>
		<Id>{779D77ED-E744-C610-9E67-76272C100001}</Id>
		<ObjectStoreId>{3B3B600C-3F75-47A5-B91D-7A36A20A0D2D}</ObjectStoreId>
	</Object>
	<Object>
		<Name>CmAcmWORK_DEFAULT_PAGE</Name>
		<ClassName>DynamicReferentialContainmentRelationship</ClassName>
		<Id>{7D552F49-B018-C710-92F1-76272C100002}</Id>
		<ObjectStoreId>{3B3B600C-3F75-47A5-B91D-7A36A20A0D2D}</ObjectStoreId>
	</Object>
	<Object>
		<Name>CC_Compliant</Name>
		<ClassName>Folder</ClassName>
		<Id>{67FE98D3-DCC1-C429-898A-763BAF100000}</Id>
		<ObjectStoreId>{3B3B600C-3F75-47A5-B91D-7A36A20A0D2D}</ObjectStoreId>
	</Object>
	<Object>
		<Name>Customerss Rating Table</Name>
		<ClassName>CmAcmRule</ClassName>
		<Id>{E6D222FB-F070-C7D1-87B5-763BD4100000}</Id>
		<ObjectStoreId>{3B3B600C-3F75-47A5-B91D-7A36A20A0D2D}</ObjectStoreId>
	</Object>
	<Object>
		<Name>Customerss Rating Table</Name>
		<ClassName>DynamicReferentialContainmentRelationship</ClassName>
		<Id>{76C2524D-FF90-CE4B-8B5B-763BD4100000}</Id>
		<ObjectStoreId>{3B3B600C-3F75-47A5-B91D-7A36A20A0D2D}</ObjectStoreId>
	</Object>
</ExportObjectList>
